student_id,roll_number,full_name,email,batch_id,admission_date,enrollment_status,graduation_year
S0001,CJ250001,Vivaan Gupta,vivaan.gupta001@codejudge.edu,B002,2025-02-13,active,2025
S0002,CJ250002,Harsh Das,harsh.das002@codejudge.edu,B006,2025-04-08,active,2026
S0003,CJ250003,Ira Pillai,ira.pillai003@codejudge.edu,B005,2025-02-19,inactive,2025
S0004,CJ250004,Ananya Bose,ananya.bose004@codejudge.edu,B003,2025-02-19,active,2026
S0005,CJ250005,Ayaan Gupta,,B004,2025-01-27,active,2026
S0006,CJ250006,Isha Mehta,isha.mehta006@codejudge.edu,B001,2025-03-14,active,2026
S0007,CJ250007,Reyansh Kulkarni,reyansh.kulkarni007@codejudge.edu,B003,2025-04-05,active,2026
S0008,CJ250008,Gaurav Das,gaurav.das008@codejudge.edu,B006,2025-01-23,active,2025
S0009,CJ250009,Meera Gupta,meera.gupta009@codejudge.edu,B002,2025-01-27,active,2026
S0010,CJ250010,Rohan Singh,rohan.singh010@codejudge.edu,B003,2025-03-01,active,2026
S0011,CJ250011,Sai Chatterjee,sai.chatterjee011@codejudge.edu,B006,2025-02-05,active,2025
S0012,CJ250012,Ananya Pillai,ananya.pillai012@codejudge.edu,B004,2025-02-18,dropped,2027
S0013,CJ250013,Harsh Roy,harsh.roy013@codejudge.edu,B006,2025-02-25,graduated,2025
S0014,CJ250014,Ira Verma,ira.verma014@codejudge.edu,B003,2025-03-07,active,2025
S0015,CJ250015,Gaurav Khan,gaurav.khan015@codejudge.edu,B002,2025-04-08,active,2027
S0016,CJ250016,Kavya Nair,kavya.nair016@codejudge.edu,B003,2025-02-01,active,2027
S0017,CJ250017,Nitin Mehta,nitin.mehta017@codejudge.edu,B006,2025-03-30,active,2027
S0018,CJ250018,Anika Patel,ravi.no-at-symbol.codejudge.edu,B002,2025-02-01,active,2025
S0019,CJ250019,Arjun Reddy,arjun.reddy019@codejudge.edu,B002,2025-04-05,active,2027
S0020,CJ250020,Nisha Chatterjee,nisha.chatterjee020@codejudge.edu,B001,2025-03-05,active,2026
S0021,CJ250021,Priya Mehta,priya.mehta021@codejudge.edu,B005,2025-01-16,active,2025
S0022,CJ250022,Nitin Mehta,nitin.mehta022@codejudge.edu,B006,2025-02-27,active,2026
S0023,CJ250023,Ananya Pillai,ananya.pillai023@codejudge.edu,B001,2025-02-17,dropped,2025
S0024,CJ250024,Sneha Reddy,sneha.reddy024@codejudge.edu,B006,2025-02-22,graduated,2027
S0025,CJ250025,Isha Das,isha.das025@codejudge.edu,B002,2025-03-03,inactive,2027
S0026,CJ250026,Priya Sharma,priya.sharma026@codejudge.edu,B005,2025-02-25,active,2025
S0027,CJ250027,Rohan Iyer,rohan.iyer027@codejudge.edu,B002,2025-01-22,active,2027
S0028,CJ250028,Reyansh Gupta,reyansh.gupta028@codejudge.edu,B006,2025-03-18,inactive,2027
S0029,CJ250029,Ishaan Nair,ishaan.nair029@codejudge.edu,B006,2025-03-16,dropped,2025
S0030,CJ250030,Kiara Ghosh,kiara.ghosh030@codejudge.edu,B005,2025-03-10,dropped,2027
S0031,CJ250031,Myra Iyer,myra.iyer031@codejudge.edu,B004,2025-04-10,active,2026
S0032,CJ250032,Priya Pillai,priya.pillai032@codejudge.edu,B001,2025-02-15,active,2026
S0033,CJ250033,Vivaan Rao,PRIYA.PILLAI032@CODEJUDGE.EDU,B005,2025-02-13,active,2025
S0034,CJ250034,Sai Verma,sai.verma034@codejudge.edu,B002,2025-01-23,graduated,2026
S0035,CJ250035,Sai Ghosh,sai.ghosh035@codejudge.edu,B002,2025-02-19,active,2025
S0036,CJ250036,Nitin Nair,nitin.nair036@codejudge.edu,B006,2025-03-29,active,2025
S0037,CJ250037,Rahul Bose,rahul.bose037@codejudge.edu,B002,2025-01-27,active,2026
S0038,CJ250038,Neil Bose,neil.bose038@codejudge.edu,B004,2025-03-15,graduated,2025
S0039,CJ250039,Ayaan Verma,ayaan.verma039@codejudge.edu,B004,2025-02-27,inactive,2025
S0040,CJ250040,Avni Das,avni.das040@codejudge.edu,B002,2025-03-24,active,2026
S0041,CJ250041,Diya Mehta,diya.mehta041@codejudge.edu,B004,2025-02-15,graduated,2025
S0042,CJ250042,Pooja Kulkarni,pooja.kulkarni042@codejudge.edu,B001,2025-01-21,active,2027
S0043,CJ250043,Aarav Gupta,aarav.gupta043@codejudge.edu,B002,2025-02-05,active,2026
S0044,CJ250044,Aadhya Jain,aadhya.jain044@codejudge.edu,B001,2025-02-05,active,2026
S0045,CJ250045,Kiara Pillai,kiara.pillai045@codejudge.edu,B003,2025-03-10,active,2027
S0046,CJ250046,Harsh Dutta,harsh.dutta046@codejudge.edu,B002,2025-02-08,active,2025
S0047,CJ250047,Maya Kulkarni,maya.kulkarni047@codejudge.edu,B001,2025-02-24,active,2027
S0048,CJ250048,Rahul Ghosh,rahul.ghosh048@codejudge.edu,B005,2025-02-04,active,2027
S0049,CJ250049,Reyansh Singh,reyansh.singh049@codejudge.edu,B001,2025-04-01,active,2025
S0050,CJ250050,Anika Reddy,anika.reddy050@codejudge.edu,B005,2025-02-15,active,2025
S0051,CJ250051,Kunal Gupta,kunal.gupta051@codejudge.edu,B004,2025-04-09,active,2027
S0052,CJ250052,Kabir Mehta,kabir.mehta052@codejudge.edu,B002,2025-04-10,active,2025
S0053,CJ250053,Kiara Jain,kiara.jain053@codejudge.edu,B002,2025-04-10,active,2026
S0054,CJ250054,Kabir Gupta,kabir.gupta054@codejudge.edu,B001,2025-03-14,active,2027
S0055,CJ250055,Ayaan Gupta,ayaan.gupta055@codejudge.edu,B005,2025-02-11,active,2025
S0056,CJ250056,Neil Gupta,neil.gupta056@codejudge.edu,B002,2025-03-03,active,2026
S0057,CJ250057,Nitin Iyer,nitin.iyer057@codejudge.edu,B005,2025-04-08,active,2027
S0058,CJ250058,Harsh Iyer,harsh.iyer058@codejudge.edu,B006,2025-01-28,dropped,2025
S0059,CJ250059,Kiara Reddy,kiara.reddy059@codejudge.edu,B999,2025-03-26,active,2026
S0060,CJ250060,Isha Das,isha.das060@codejudge.edu,B006,2025-02-27,active,2027
S0061,CJ250061,Kiara Ghosh,kiara.ghosh061@codejudge.edu,B004,2025-02-16,graduated,2025
S0062,CJ250062,Reyansh Bose,reyansh.bose062@codejudge.edu,B003,2025-01-20,active,2025
S0063,CJ250063,Kiara Singh,kiara.singh063@codejudge.edu,B006,2025-03-12,active,2026
S0064,CJ250064,Harsh Sharma,harsh.sharma064@codejudge.edu,B001,2025-01-24,dropped,2027
S0065,CJ250065,Shaurya Kulkarni,shaurya.kulkarni065@codejudge.edu,B001,2025-03-03,active,2025
S0066,CJ250066,Nisha Nair,nisha.nair066@codejudge.edu,B001,2025-02-23,active,2025
S0067,CJ250067,Neil Das,neil.das067@codejudge.edu,B006,2025-02-15,active,2026
S0068,CJ250068,Harsh Bose,harsh.bose068@codejudge.edu,B005,2025-02-03,graduated,2025
S0069,CJ250069,Ananya Singh,ananya.singh069@codejudge.edu,B004,2025-01-18,active,2026
S0070,CJ250070,Tara Roy,tara.roy070@codejudge.edu,B003,2025-02-04,inactive,2025
S0071,CJ250071,Yash Verma,yash.verma071@codejudge.edu,B004,2025-02-12,active,2026
S0072,CJ250072,Neil Iyer,neil.iyer072@codejudge.edu,B002,2025-02-12,active,2025
S0073,CJ250073,Anika Khan,anika.khan073@codejudge.edu,B003,2025-01-23,dropped,2026
S0074,CJ250074,Neil Ghosh,neil.ghosh074@codejudge.edu,B004,2025-04-11,dropped,2027
S0075,CJ250075,Dhruv Sharma,dhruv.sharma075@codejudge.edu,B001,2025-02-17,active,2026
S0076,CJ250076,Aditya Reddy,aditya.reddy076@codejudge.edu,B005,2025-03-11,active,2026
S0077,CJ250077,Nisha Chatterjee,nisha.chatterjee077@codejudge.edu,,2025-01-29,active,2027
S0078,CJ250078,Myra Mehta,myra.mehta078@codejudge.edu,B001,2025-04-15,active,2027
S0079,CJ250079,Nitin Das,nitin.das079@codejudge.edu,B003,2025-03-11,active,2027
S0080,CJ250080,Dhruv Chatterjee,dhruv.chatterjee080@codejudge.edu,B003,2025-04-09,graduated,2027
S0081,CJ250081,Riya Ghosh,riya.ghosh081@codejudge.edu,B003,2025-04-10,active,2026
S0082,CJ250082,Meera Kulkarni,meera.kulkarni082@codejudge.edu,B002,2025-02-08,active,2026
S0083,CJ250083,Diya Chatterjee,diya.chatterjee083@codejudge.edu,B005,2025-02-22,active,2025
S0084,CJ250084,Riya Iyer,riya.iyer084@codejudge.edu,B002,2025-03-11,inactive,2027
S0085,CJ250085,Kabir Pillai,kabir.pillai085@codejudge.edu,B004,2025-03-12,active,2027
S0086,CJ250086,Rahul Singh,rahul.singh086@codejudge.edu,B006,2025-01-25,active,2027
S0087,CJ250087,Kunal Khan,kunal.khan087@codejudge.edu,B001,2025-02-14,active,2025
S0088,CJ250088,Myra Nair,myra.nair088@codejudge.edu,B001,2025-01-20,active,2026
S0089,CJ250089,Kunal Gupta,kunal.gupta089@codejudge.edu,B004,2025-03-09,actve,2027
S0090,CJ250090,Myra Jain,myra.jain090@codejudge.edu,B004,2025-03-07,active,2027
S0091,CJ250091,Aarav Reddy,aarav.reddy091@codejudge.edu,B004,2025-02-12,active,2027
S0092,CJ250092,Priya Pillai,priya.pillai092@codejudge.edu,B001,2025-03-27,active,2025
S0093,CJ250093,Kavya Nair,kavya.nair093@codejudge.edu,B004,2025-04-10,active,2027
S0094,CJ250094,Isha Khan,isha.khan094@codejudge.edu,B004,2025-04-03,inactive,2027
S0095,CJ250095,Nisha Kulkarni,nisha.kulkarni095@codejudge.edu,B004,2025-02-04,active,2026
S0096,CJ250096,Pooja Mehta,pooja.mehta096@codejudge.edu,B002,2025-04-06,active,2027
S0097,CJ250097,Amit Roy,amit.roy097@codejudge.edu,B003,2025-03-12,active,2026
S0098,CJ250098,Avni Mehta,avni.mehta098@codejudge.edu,B003,2025-02-24,graduated,2025
S0099,CJ250099,Ishaan Nair,ishaan.nair099@codejudge.edu,B002,2025-03-05,active,2027
S0100,CJ250100,Aadhya Gupta,aadhya.gupta100@codejudge.edu,B004,2025-03-08,active,2026
S0101,CJ250101,Tara Verma,tara.verma101@codejudge.edu,B002,2025-03-09,active,2027
S0102,CJ250102,Vivaan Rao,vivaan.rao102@codejudge.edu,B004,2025-03-17,active,2026
S0103,CJ250103,Riya Jain,riya.jain103@codejudge.edu,B004,2025-03-24,active,2027
S0104,CJ250104,Isha Roy,isha.roy104@codejudge.edu,B004,2025-02-12,active,2026
S0105,CJ250105,Vivaan Jain,vivaan.jain105@codejudge.edu,B003,2025-04-10,active,2026
S0106,CJ250106,Ananya Pillai,ananya.pillai106@codejudge.edu,B002,2025-04-04,active,2026
S0107,CJ250107,Maya Rao,maya.rao107@codejudge.edu,B006,2025-01-18,active,2026
S0108,CJ250108,Ishaan Pillai,ishaan.pillai108@codejudge.edu,B002,2025-01-21,active,2026
S0109,CJ250109,Aadhya Pillai,aadhya.pillai109@codejudge.edu,B003,2025-02-27,inactive,2026
S0110,CJ250110,Saanvi Bose,saanvi.bose110@codejudge.edu,B003,2025-01-25,active,2027
S0111,CJ250111,Nitin Verma,nitin.verma111@codejudge.edu,B003,2025-02-12,active,2027
S0112,CJ250112,Aditya Sharma,aditya.sharma112@codejudge.edu,B002,2025-02-09,graduated,2027
S0113,CJ250113,Shaurya Roy,shaurya.roy113@codejudge.edu,B002,2025-03-16,active,2027
S0114,CJ250114,Aadhya Pillai,aadhya.pillai114@codejudge.edu,B006,2025-02-16,inactive,2025
S0115,CJ250115,Isha Chatterjee,isha.chatterjee115@codejudge.edu,B006,2025-01-29,inactive,2025
S0116,CJ250116,Riya Reddy,riya.reddy116@codejudge.edu,B005,2025-01-18,graduated,2027
S0117,CJ250117,Yash Jain,yash.jain117@codejudge.edu,B006,2025-02-09,active,2027
S0118,CJ250118,Avni Reddy,avni.reddy118@codejudge.edu,B006,2025-02-22,graduated,2027
S0119,CJ250119,Krishna Rao,krishna.rao119@codejudge.edu,B001,2025-02-28,active,2027
S0120,CJ250120,Rohan Gupta,rohan.gupta120@codejudge.edu,B005,2025-04-07,active,2026
S0121,CJ250120,Amit Reddy,amit.reddy121@codejudge.edu,B004,2025-03-02,active,2026
S0122,CJ250122,Shaurya Bose,shaurya.bose122@codejudge.edu,B002,2025-03-22,dropped,2026
S0123,CJ250123,Kunal Kulkarni,kunal.kulkarni123@codejudge.edu,B004,2025-03-15,active,2027
S0124,CJ250124,Maya Mehta,maya.mehta124@codejudge.edu,B003,2025-02-15,graduated,2025
S0125,CJ250125,Saanvi Pillai,saanvi.pillai125@codejudge.edu,B002,2025-03-15,active,2027
S0126,CJ250126,Yash Khan,yash.khan126@codejudge.edu,B001,2025-03-19,graduated,2025
S0127,CJ250127,Amit Das,amit.das127@codejudge.edu,B003,2025-02-17,active,2027
S0128,CJ250128,Saanvi Kulkarni,saanvi.kulkarni128@codejudge.edu,B001,2025-03-22,dropped,2025
S0129,CJ250129,Avni Bose,avni.bose129@codejudge.edu,B004,2025-03-27,inactive,2027
S0130,CJ250130,Rahul Dutta,rahul.dutta130@codejudge.edu,B004,2025-01-17,active,2025
S0131,CJ250131,Anika Roy,anika.roy131@codejudge.edu,B003,2025-04-09,active,2026
S0132,CJ250132,Harsh Ghosh,harsh.ghosh132@codejudge.edu,B003,2025-03-10,dropped,2027
S0133,CJ250133,Dhruv Patel,dhruv.patel133@codejudge.edu,B006,2025-03-14,active,2026
S0134,CJ250134,Ira Reddy,ira.reddy134@codejudge.edu,B006,2025-02-08,active,2027
S0135,CJ250135,Nitin Singh,nitin.singh135@codejudge.edu,B002,2025-02-11,active,2026
S0136,CJ250136,Maya Ghosh,maya.ghosh136@codejudge.edu,B005,2025-02-20,dropped,2025
S0137,CJ250137,Meera Roy,meera.roy137@codejudge.edu,B003,2025-02-06,active,2027
S0138,CJ250138,Nitin Nair,nitin.nair138@codejudge.edu,B003,2025-01-20,dropped,2027
S0139,CJ250139,Meera Nair,meera.nair139@codejudge.edu,B006,2025-03-18,active,2025
S0140,CJ250140,Gaurav Iyer,gaurav.iyer140@codejudge.edu,B004,2025-03-17,active,2025
S0141,CJ250141,Arjun Mehta,arjun.mehta141@codejudge.edu,B004,2025-01-29,inactive,2026
S0142,CJ250142,Amit Gupta,amit.gupta142@codejudge.edu,B005,2025-04-05,active,2025
S0143,CJ250143,Shaurya Rao,shaurya.rao143@codejudge.edu,B003,2025-01-25,dropped,2025
S0144,CJ250144,Harsh Bose,harsh.bose144@codejudge.edu,B005,2025-04-01,inactive,2025
S0145,CJ250145,Priya Jain,priya.jain145@codejudge.edu,B004,2025-03-12,active,2027
S0146,CJ250146,Nisha Iyer,nisha.iyer146@codejudge.edu,B005,2025-04-04,active,2027
S0147,CJ250147,Ayaan Das,ayaan.das147@codejudge.edu,B006,2025-02-11,active,2025
S0148,CJ250148,Ananya Roy,ananya.roy148@codejudge.edu,B002,2025-03-26,active,2025
S0149,CJ250149,Tara Pillai,tara.pillai149@codejudge.edu,B006,2025-04-01,active,2025
S0150,CJ250150,Ira Iyer,ira.iyer150@codejudge.edu,B006,2025-02-20,active,2026
S0151,CJ250151,Sai Roy,sai.roy151@codejudge.edu,B003,2025-04-05,active,2025
S0152,CJ250152,Nisha Reddy,nisha.reddy152@codejudge.edu,B005,2025-02-12,active,2026
S0153,CJ250153,Shaurya Gupta,shaurya.gupta153@codejudge.edu,B001,2025-02-05,inactive,2027
S0154,CJ250154,Gaurav Iyer,gaurav.iyer154@codejudge.edu,B004,2025-01-30,active,2026
S0155,CJ250155,Anika Mehta,anika.mehta155@codejudge.edu,B005,2025-03-25,active,2025
S0156,CJ250156,Isha Verma,isha.verma156@codejudge.edu,B004,2025-02-25,active,2025
S0157,CJ250157,Reyansh Roy,reyansh.roy157@codejudge.edu,B006,2025-03-29,active,2025
S0158,CJ250158,Saanvi Rao,saanvi.rao158@codejudge.edu,B001,2025-02-06,active,2027
S0159,CJ250159,Pooja Mehta,pooja.mehta159@codejudge.edu,B002,2025-03-30,active,2026
S0160,CJ250160,Reyansh Dutta,reyansh.dutta160@codejudge.edu,B003,2025-03-08,active,2027
S0161,CJ250161,Ayaan Singh,ayaan.singh161@codejudge.edu,B003,2025-03-08,active,2026
S0162,CJ250162,Anika Kulkarni,anika.kulkarni162@codejudge.edu,B001,2025-03-14,active,2026
S0163,CJ250163,Kabir Reddy,kabir.reddy163@codejudge.edu,B004,2025-03-21,inactive,2025
S0164,CJ250164,Nitin Pillai,nitin.pillai164@codejudge.edu,B004,2025-01-21,active,2026
S0165,CJ250165,Kunal Dutta,kunal.dutta165@codejudge.edu,B006,2025-03-12,inactive,2025
S0166,CJ250166,Saanvi Kulkarni,saanvi.kulkarni166@codejudge.edu,B002,2025-02-20,active,2027
S0167,CJ250167,Amit Reddy,amit.reddy167@codejudge.edu,B001,2025-04-05,active,2025
S0168,CJ250168,Ananya Iyer,ananya.iyer168@codejudge.edu,B005,2025-01-16,active,2025
S0169,CJ250169,Ira Reddy,ira.reddy169@codejudge.edu,B004,2025-01-30,active,2025
S0170,CJ250170,Amit Iyer,amit.iyer170@codejudge.edu,B005,2025-04-15,active,2026
S0171,CJ250171,Rahul Roy,rahul.roy171@codejudge.edu,B004,2025-03-26,active,2025
S0172,CJ250172,Isha Ghosh,isha.ghosh172@codejudge.edu,B006,2025-02-01,graduated,2026
S0173,CJ250173,Tara Khan,tara.khan173@codejudge.edu,B005,2025-02-18,inactive,2026
S0174,CJ250174,Riya Rao,riya.rao174@codejudge.edu,B005,2025-04-09,active,2025
S0175,CJ250175,Pooja Kulkarni,pooja.kulkarni175@codejudge.edu,B004,2025-02-28,active,2027
S0176,CJ250176,Yash Pillai,yash.pillai176@codejudge.edu,B003,2025-02-08,dropped,2025
S0177,CJ250177,Gaurav Jain,gaurav.jain177@codejudge.edu,B002,2025-03-08,active,2027
S0178,CJ250178,Rahul Jain,rahul.jain178@codejudge.edu,B004,2025-04-09,inactive,2027
S0179,CJ250179,Shaurya Dutta,shaurya.dutta179@codejudge.edu,B001,2025-01-31,active,2027
S0180,CJ250180,Dhruv Reddy,dhruv.reddy180@codejudge.edu,B004,2025-01-27,active,2026
S0181,CJ250181,Aarav Nair,aarav.nair181@codejudge.edu,B004,2025-04-08,dropped,2025
S0182,CJ250182,Rahul Mehta,rahul.mehta182@codejudge.edu,B003,2025-04-04,active,2027
S0183,CJ250183,Reyansh Khan,reyansh.khan183@codejudge.edu,B006,2025-03-24,active,2026
S0184,CJ250184,Amit Kulkarni,amit.kulkarni184@codejudge.edu,B001,2025-04-04,active,2027
S0185,CJ250185,Meera Roy,meera.roy185@codejudge.edu,B006,2025-01-26,active,2025
S0186,CJ250186,Ayaan Pillai,ayaan.pillai186@codejudge.edu,B002,2025-04-13,active,2025
S0187,CJ250187,Aditya Khan,aditya.khan187@codejudge.edu,B001,2025-02-21,active,2026
S0188,CJ250188,Shaurya Roy,shaurya.roy188@codejudge.edu,B005,2025-03-08,active,2025
S0189,CJ250189,Ananya Singh,ananya.singh189@codejudge.edu,B001,2025-04-03,graduated,2027
S0190,CJ250190,Avni Dutta,avni.dutta190@codejudge.edu,B005,2025-02-02,active,2027
S0191,CJ250191,Kiara Pillai,kiara.pillai191@codejudge.edu,B003,2025-04-10,active,2026
S0192,CJ250192,Meera Kulkarni,meera.kulkarni192@codejudge.edu,B002,2025-01-24,active,2026
S0193,CJ250193,Maya Iyer,maya.iyer193@codejudge.edu,B006,2025-03-10,active,2026
S0194,CJ250194,Riya Das,riya.das194@codejudge.edu,B004,2025-03-17,active,2026
S0195,CJ250195,Gaurav Patel,gaurav.patel195@codejudge.edu,B005,2025-02-21,dropped,2026
S0196,CJ250196,Vivaan Jain,vivaan.jain196@codejudge.edu,B003,2025-01-16,active,2027
S0197,CJ250197,Arjun Chatterjee,arjun.chatterjee197@codejudge.edu,B006,2025-03-19,graduated,2026
S0198,CJ250198,Ira Chatterjee,ira.chatterjee198@codejudge.edu,B003,2025-02-12,active,2027
S0199,CJ250199,Kiara Nair,kiara.nair199@codejudge.edu,B006,2025-01-27,graduated,2027
S0200,CJ250200,Aditya Iyer,aditya.iyer200@codejudge.edu,B004,2025-01-19,active,2027
S0201,CJ250201,Ishaan Gupta,ishaan.gupta201@codejudge.edu,B003,2025-02-25,active,2025
S0202,CJ250202,Myra Nair,myra.nair202@codejudge.edu,B005,2025-03-02,active,2026
S0203,CJ250203,Ananya Mehta,ananya.mehta203@codejudge.edu,B004,2025-02-21,active,2026
S0204,CJ250204,Krishna Pillai,krishna.pillai204@codejudge.edu,B001,2025-02-02,inactive,2025
S0205,CJ250205,Anika Kulkarni,anika.kulkarni205@codejudge.edu,B003,2025-01-26,inactive,2025
S0206,CJ250206,Kiara Kulkarni,kiara.kulkarni206@codejudge.edu,B001,2025-03-14,active,2027
S0207,CJ250207,Kiara Rao,kiara.rao207@codejudge.edu,B004,2025-04-06,dropped,2025
S0208,CJ250208,Ira Dutta,ira.dutta208@codejudge.edu,B001,2025-04-04,graduated,2027
S0209,CJ250209,Kabir Chatterjee,kabir.chatterjee209@codejudge.edu,B002,2025-04-07,active,2026
S0210,CJ250210,Riya Bose,riya.bose210@codejudge.edu,B001,2025-02-01,active,2025
S0211,CJ250211,Riya Dutta,riya.dutta211@codejudge.edu,B001,2025-01-27,active,2027
S0212,CJ250212,Ishaan Jain,ishaan.jain212@codejudge.edu,B004,2025-03-03,active,2027
S0213,CJ250213,Nitin Bose,nitin.bose213@codejudge.edu,B005,2025-02-03,graduated,2027
S0214,CJ250214,Ayaan Dutta,ayaan.dutta214@codejudge.edu,B005,2025-03-08,dropped,2026
S0215,CJ250215,Aditya Patel,aditya.patel215@codejudge.edu,B002,2025-03-12,active,2025
S0216,CJ250216,Rohan Reddy,rohan.reddy216@codejudge.edu,B006,2025-03-03,active,2027
S0217,CJ250217,Neil Verma,neil.verma217@codejudge.edu,B004,2025-02-19,active,2025
S0218,CJ250218,Kavya Gupta,kavya.gupta218@codejudge.edu,B006,2025-02-11,active,2027
S0219,CJ250219,Vivaan Verma,vivaan.verma219@codejudge.edu,B003,2025-02-15,dropped,2027
S0220,CJ250220,Aadhya Gupta,aadhya.gupta220@codejudge.edu,B005,2025-02-10,active,2025
S0221,CJ250221,Dhruv Nair,dhruv.nair221@codejudge.edu,B005,2025-01-15,active,2025
S0222,CJ250222,Ishaan Kulkarni,ishaan.kulkarni222@codejudge.edu,B003,2025-02-06,active,2025
S0223,CJ250223,Ishaan Sharma,ishaan.sharma223@codejudge.edu,B003,2025-02-14,active,2025
S0224,CJ250224,Diya Mehta,diya.mehta224@codejudge.edu,B001,2025-01-31,active,2027
S0225,CJ250225,Krishna Gupta,krishna.gupta225@codejudge.edu,B004,2025-03-13,inactive,2027
S0226,CJ250226,Maya Reddy,maya.reddy226@codejudge.edu,B004,2025-03-20,active,2027
S0227,CJ250227,Aditya Ghosh,aditya.ghosh227@codejudge.edu,B003,2025-03-14,active,2025
S0228,CJ250228,Arjun Dutta,arjun.dutta228@codejudge.edu,B004,2025-03-10,active,2026
S0229,CJ250229,Pooja Gupta,pooja.gupta229@codejudge.edu,B001,2025-02-25,active,2025
S0230,CJ250230,Ishaan Mehta,ishaan.mehta230@codejudge.edu,B005,2025-04-06,active,2027
S0231,CJ250231,Kabir Jain,kabir.jain231@codejudge.edu,B005,2025-03-23,active,2027
S0232,CJ250232,Isha Bose,isha.bose232@codejudge.edu,B001,2025-04-14,active,2027
S0233,CJ250233,Harsh Das,harsh.das233@codejudge.edu,B004,2025-03-13,graduated,2026
S0234,CJ250234,Dhruv Pillai,dhruv.pillai234@codejudge.edu,B004,2025-03-09,active,2026
S0235,CJ250235,Nisha Khan,nisha.khan235@codejudge.edu,B006,2025-02-16,active,2025
S0236,CJ250236,Rahul Gupta,rahul.gupta236@codejudge.edu,B001,2025-01-25,active,2025
S0237,CJ250237,Rohan Nair,rohan.nair237@codejudge.edu,B005,2025-01-22,active,2027
S0238,CJ250238,Harsh Khan,harsh.khan238@codejudge.edu,B006,2025-01-30,active,2027
S0239,CJ250239,Nisha Verma,nisha.verma239@codejudge.edu,B003,2025-04-01,active,2025
S0240,CJ250240,Gaurav Ghosh,gaurav.ghosh240@codejudge.edu,B002,2025-02-03,active,2025
S0241,CJ250241,Ayaan Patel,ayaan.patel241@codejudge.edu,B005,2025-03-03,active,2026
S0242,CJ250242,Gaurav Roy,gaurav.roy242@codejudge.edu,B004,2025-03-27,dropped,2027
S0243,CJ250243,Kunal Kulkarni,kunal.kulkarni243@codejudge.edu,B001,2025-04-02,graduated,2027
S0244,CJ250244,Saanvi Sharma,saanvi.sharma244@codejudge.edu,B002,2025-02-18,active,2026
S0245,CJ250245,Dhruv Patel,dhruv.patel245@codejudge.edu,B001,2025-02-07,graduated,2027
S0246,CJ250246,Anika Gupta,anika.gupta246@codejudge.edu,B002,2025-04-06,dropped,2025
S0247,CJ250247,Priya Das,priya.das247@codejudge.edu,B004,2025-03-09,active,2025
S0248,CJ250248,Rohan Iyer,rohan.iyer248@codejudge.edu,B006,2025-02-25,inactive,2027
S0249,CJ250249,Isha Gupta,isha.gupta249@codejudge.edu,B001,2025-02-03,active,2027
S0250,CJ250250,Arjun Gupta,arjun.gupta250@codejudge.edu,B003,2025-03-12,active,2026
S0251,CJ250251,Isha Pillai,isha.pillai251@codejudge.edu,B004,2025-02-18,active,2027
S0252,CJ250252,Krishna Patel,krishna.patel252@codejudge.edu,B004,2025-01-29,active,2027
S0253,CJ250253,Maya Dutta,maya.dutta253@codejudge.edu,B005,2025-04-10,active,2025
S0254,CJ250254,Anika Chatterjee,anika.chatterjee254@codejudge.edu,B001,2025-01-15,active,2025
S0255,CJ250255,Ishaan Mehta,ishaan.mehta255@codejudge.edu,B003,2025-02-25,active,2026
S0256,CJ250256,Nisha Singh,nisha.singh256@codejudge.edu,B002,2025-03-04,active,2025
S0257,CJ250257,Sneha Kulkarni,sneha.kulkarni257@codejudge.edu,B006,2025-03-01,active,2027
S0258,CJ250258,Aditya Bose,aditya.bose258@codejudge.edu,B001,2025-03-14,graduated,2026
S0259,CJ250259,Gaurav Bose,gaurav.bose259@codejudge.edu,B005,2025-03-07,active,2026
S0260,CJ250260,Meera Reddy,meera.reddy260@codejudge.edu,B004,2025-01-17,dropped,2025
S0261,CJ250261,Kunal Pillai,kunal.pillai261@codejudge.edu,B006,2025-03-02,active,2025
S0262,CJ250262,Avni Bose,avni.bose262@codejudge.edu,B005,2025-03-07,active,2026
S0263,CJ250263,Riya Khan,riya.khan263@codejudge.edu,B002,2025-02-26,inactive,2025
S0264,CJ250264,Sneha Reddy,sneha.reddy264@codejudge.edu,B005,2025-03-21,active,2026
S0265,CJ250265,Neil Nair,neil.nair265@codejudge.edu,B002,2025-01-28,active,2025
S0266,CJ250266,Diya Chatterjee,diya.chatterjee266@codejudge.edu,B002,2025-04-08,active,2027
S0267,CJ250267,Amit Pillai,amit.pillai267@codejudge.edu,B005,2025-03-30,active,2027
S0268,CJ250268,Kunal Khan,kunal.khan268@codejudge.edu,B006,2025-02-24,active,2025
S0269,CJ250269,Rahul Pillai,rahul.pillai269@codejudge.edu,B006,2025-02-22,inactive,2027
S0270,CJ250270,Arjun Patel,arjun.patel270@codejudge.edu,B005,2025-01-24,active,2026
S0271,CJ250271,Aditya Verma,aditya.verma271@codejudge.edu,B003,2025-02-20,active,2025
S0272,CJ250272,Kunal Chatterjee,kunal.chatterjee272@codejudge.edu,B005,2025-03-05,active,2027
S0273,CJ250273,Aditya Pillai,aditya.pillai273@codejudge.edu,B005,2025-04-08,active,2027
S0274,CJ250274,Rahul Ghosh,rahul.ghosh274@codejudge.edu,B002,2025-01-22,active,2026
S0275,CJ250275,Reyansh Ghosh,reyansh.ghosh275@codejudge.edu,B006,2025-02-06,active,2027
S0276,CJ250276,Pooja Pillai,pooja.pillai276@codejudge.edu,B005,2025-03-22,active,2026
S0277,CJ250277,Rohan Iyer,rohan.iyer277@codejudge.edu,B004,2025-03-08,inactive,2027
S0278,CJ250278,Isha Verma,isha.verma278@codejudge.edu,B006,2025-04-07,active,2026
S0279,CJ250279,Ayaan Kulkarni,ayaan.kulkarni279@codejudge.edu,B006,2025-03-05,active,2027
S0280,CJ250280,Isha Nair,isha.nair280@codejudge.edu,B003,2025-01-25,active,2025
S0281,CJ250281,Neil Iyer,neil.iyer281@codejudge.edu,B006,2025-04-14,active,2025
S0282,CJ250282,Isha Gupta,isha.gupta282@codejudge.edu,B003,2025-03-27,active,2026
S0283,CJ250283,Ishaan Ghosh,ishaan.ghosh283@codejudge.edu,B001,2025-04-07,active,2027
S0284,CJ250284,Rohan Sharma,rohan.sharma284@codejudge.edu,B003,2025-02-23,active,2025
S0285,CJ250285,Dhruv Dutta,dhruv.dutta285@codejudge.edu,B002,2025-02-12,dropped,2025
S0286,CJ250286,Sai Iyer,sai.iyer286@codejudge.edu,B001,2025-03-20,inactive,2027
S0287,CJ250287,Priya Verma,priya.verma287@codejudge.edu,B006,2025-02-27,graduated,2027
S0288,CJ250288,Ishaan Chatterjee,ishaan.chatterjee288@codejudge.edu,B004,2025-02-03,active,2027
S0289,CJ250289,Kunal Singh,kunal.singh289@codejudge.edu,B006,2025-03-12,active,2026
S0290,CJ250290,Avni Pillai,avni.pillai290@codejudge.edu,B005,2025-02-20,inactive,2026
S0291,CJ250291,Ira Kulkarni,ira.kulkarni291@codejudge.edu,B002,2025-02-23,dropped,2026
S0292,CJ250292,Myra Patel,myra.patel292@codejudge.edu,B006,2025-03-29,dropped,2026
S0293,CJ250293,Meera Jain,meera.jain293@codejudge.edu,B005,2025-03-23,active,2025
S0294,CJ250294,Myra Chatterjee,myra.chatterjee294@codejudge.edu,B002,2025-02-16,active,2026
S0295,CJ250295,Rohan Kulkarni,rohan.kulkarni295@codejudge.edu,B001,2025-03-22,graduated,2026
S0296,CJ250296,Reyansh Singh,reyansh.singh296@codejudge.edu,B003,2025-03-13,graduated,2025
S0297,CJ250297,Nisha Gupta,nisha.gupta297@codejudge.edu,B002,2025-03-13,graduated,2025
S0298,CJ250298,Tara Verma,tara.verma298@codejudge.edu,B004,2025-03-20,active,2026
S0299,CJ250299,Reyansh Patel,reyansh.patel299@codejudge.edu,B002,2025-01-18,active,2025
S0300,CJ250300,Dhruv Nair,dhruv.nair300@codejudge.edu,B002,2025-01-19,active,2026
S0301,CJ250301,Ishaan Dutta,ishaan.dutta301@codejudge.edu,B004,2025-04-03,active,2025
S0302,CJ250302,Vivaan Mehta,vivaan.mehta302@codejudge.edu,B002,2025-02-03,active,2027
S0303,CJ250303,Isha Ghosh,isha.ghosh303@codejudge.edu,B004,2025-01-29,inactive,2025
S0304,CJ250304,Riya Reddy,riya.reddy304@codejudge.edu,B001,2025-02-14,active,2027
S0305,CJ250305,Kavya Gupta,kavya.gupta305@codejudge.edu,B001,2025-03-19,active,2025
S0306,CJ250306,Sneha Rao,sneha.rao306@codejudge.edu,B002,2025-02-02,active,2025
S0307,CJ250307,Kunal Patel,kunal.patel307@codejudge.edu,B002,2025-03-29,active,2027
S0308,CJ250308,Reyansh Ghosh,reyansh.ghosh308@codejudge.edu,B003,2025-01-23,dropped,2027
S0309,CJ250309,Sneha Ghosh,sneha.ghosh309@codejudge.edu,B005,2025-01-17,active,2026
S0310,CJ250310,Aditya Jain,aditya.jain310@codejudge.edu,B003,2025-02-16,active,2026
S0311,CJ250311,Sai Patel,sai.patel311@codejudge.edu,B002,2025-04-09,active,2027
S0312,CJ250312,Dhruv Nair,dhruv.nair312@codejudge.edu,B001,2025-03-01,active,2027
S0313,CJ250313,Diya Pillai,diya.pillai313@codejudge.edu,B006,2025-03-17,active,2025
S0314,CJ250314,Sai Pillai,sai.pillai314@codejudge.edu,B001,2025-02-21,active,2025
S0315,CJ250315,Aditya Khan,aditya.khan315@codejudge.edu,B003,2025-03-21,active,2027
S0316,CJ250316,Rahul Mehta,rahul.mehta316@codejudge.edu,B001,2025-04-07,active,2026
S0317,CJ250317,Arjun Khan,arjun.khan317@codejudge.edu,B003,2025-01-30,inactive,2026
S0318,CJ250318,Anika Pillai,anika.pillai318@codejudge.edu,B004,2025-02-27,dropped,2026
S0319,CJ250319,Amit Patel,amit.patel319@codejudge.edu,B005,2025-02-18,inactive,2027
S0320,CJ250320,Nisha Gupta,nisha.gupta320@codejudge.edu,B004,2025-04-02,dropped,2025
